majoritydata,used,sex,active,agegrp,paid
1,1316,1,0,2,1
1,2150,0,1,3,1
1,2086,0,0,2,1
1,2098,1,0,3,1
1,1792,0,1,1,1
1,1964,1,0,3,1
1,2367,0,0,2,1
1,2122,0,0,1,1
1,1824,1,0,2,0
1,1546,1,0,1,1
1,2686,0,1,3,1
1,1656,1,0,1,1
1,1355,0,0,1,1
1,2060,0,0,1,1
1,1622,1,0,1,0
1,1938,0,1,2,1
1,2613,0,0,1,1
1,2007,0,0,1,1
1,1774,0,1,3,0
1,2753,0,0,3,1
1,2553,1,1,1,1
1,2357,0,0,2,1
1,2081,1,0,1,1
1,1807,0,0,1,0
1,2326,0,1,1,1
1,2153,1,0,3,1
1,2204,1,1,3,1
1,1841,1,1,2,1
1,2022,0,1,2,1
1,2252,1,0,3,1
1,2235,1,0,1,1
1,2555,0,0,1,0
1,1855,0,1,3,1
1,1957,1,1,1,1
1,2025,0,0,2,1
1,2464,1,0,2,1
1,2204,1,1,3,1
1,2588,0,1,2,1
1,1281,1,0,2,1
1,1824,0,0,2,0
1,1990,1,0,1,1
1,2296,1,0,1,1
1,2026,1,0,1,1
1,1895,1,0,2,1
1,2299,1,1,2,1
1,2575,0,1,3,1
1,1965,0,1,3,1
1,1735,0,1,1,1
1,2911,1,0,2,1
1,2412,0,0,2,1
1,2150,1,0,1,1
1,1893,1,0,2,1
1,2361,1,0,2,1
1,2430,0,1,1,1
1,1870,0,0,3,1
1,2539,0,0,3,0
1,1987,1,0,1,1
1,2457,1,0,2,1
1,2312,0,0,1,1
1,2140,1,0,2,1
1,1413,0,0,3,0
1,2188,0,1,2,1
1,2506,0,0,1,1
1,2238,1,0,3,1
1,1249,1,0,1,1
1,2117,0,0,1,0
1,1847,0,1,3,1
1,2575,0,0,3,1
1,1660,0,1,2,1
1,1893,0,1,3,1
1,1599,0,0,3,1
1,1287,0,0,3,1
1,2395,0,0,3,1
1,2744,0,1,3,1
1,1816,0,0,2,1
1,1792,1,0,1,1
1,2312,1,0,1,1
1,2057,0,0,2,1
1,2329,0,0,2,1
1,1913,0,0,2,0
1,2069,0,1,1,1
1,2733,1,0,2,1
1,2551,0,0,3,1
1,2151,1,0,1,1
1,1052,1,0,1,1
1,2064,0,0,1,1
1,2517,1,0,1,1
1,1559,0,1,1,1
1,2094,1,0,1,0
1,1880,0,1,1,0
1,2102,1,0,3,1
1,2603,1,0,1,1
1,1783,0,0,2,1
1,2042,0,1,3,1
1,1565,0,0,1,1
1,2495,1,0,2,1
1,2355,1,1,3,1
1,2119,0,0,3,1
1,2431,1,0,3,1
1,2077,1,0,1,1
1,2269,1,1,2,1
1,2307,1,0,1,1
1,2174,0,0,2,1
1,1470,0,0,1,1
1,2648,1,1,2,1
1,1466,0,0,3,1
1,1418,0,0,3,1
1,2151,0,0,3,1
1,1703,1,0,3,1
1,2138,0,1,2,1
1,2302,1,0,2,1
1,2233,0,0,2,1
1,1698,1,0,2,1
1,1828,0,0,2,1
1,1531,1,0,3,1
1,1886,0,0,1,0
1,2109,0,0,1,1
1,2466,1,0,3,1
1,3349,0,0,1,1
1,2183,0,0,1,1
1,2032,1,1,3,1
1,2591,0,0,2,1
1,1472,0,1,2,1
1,1661,1,0,3,1
1,2257,0,0,2,1
1,2199,0,1,2,1
1,1759,1,0,3,1
1,1310,0,0,2,1
1,1856,1,1,3,1
1,1860,0,0,3,1
1,1439,0,0,3,1
1,1417,1,0,2,1
1,2233,1,0,1,0
1,2644,1,0,3,1
1,1572,0,1,1,1
1,2919,1,0,3,1
1,2388,1,0,3,1
1,2025,0,0,3,1
1,1797,1,0,3,1
1,2161,0,1,3,1
1,1909,1,1,3,1
1,1696,1,0,3,1
1,2127,1,1,2,1
1,2327,1,1,1,1
1,1650,1,0,1,1
1,1072,1,1,1,1
1,2586,1,1,2,1
1,2021,1,0,2,1
1,2884,1,0,2,0
1,1832,1,0,2,1
1,1438,1,1,2,1
1,1340,0,0,1,1
1,2983,0,1,2,1
1,1561,0,0,1,1
1,2323,0,1,2,1
1,1435,1,1,3,1
1,2635,1,0,3,1
1,2484,1,0,3,0
1,1945,0,0,2,1
1,1846,1,1,3,1
1,2016,0,1,3,1
1,2816,1,1,2,1
1,1975,0,1,1,1
1,2281,1,0,2,1
1,2245,0,0,3,1
1,2177,0,0,2,1
1,2625,0,1,1,1
1,1411,0,0,1,1
1,1598,0,1,2,1
1,1461,0,0,1,0
1,2599,1,1,3,1
1,1588,1,1,3,1
1,2223,0,1,2,1
1,1897,0,0,3,1
1,1963,1,0,1,1
1,2488,0,1,3,1
1,1582,0,1,2,1
1,1474,1,0,2,1
1,1777,0,0,2,1
1,2217,1,0,1,1
1,2087,0,0,1,1
1,1707,0,1,1,1
1,2072,1,0,2,1
1,1945,1,0,3,0
1,2628,0,0,1,1
1,2136,0,0,2,1
1,1964,1,1,2,1
1,2248,0,0,1,1
1,1977,1,0,2,1
1,1857,1,0,3,0
1,2497,0,0,2,1
1,2017,0,0,2,1
1,1915,1,0,1,1
1,1880,1,0,2,1
1,2157,1,0,1,1
1,2913,1,0,1,0
1,1863,1,0,1,1
1,1763,1,0,3,1
1,1663,0,0,1,1
1,1950,0,0,3,1
1,2017,1,0,1,1
1,1341,0,0,3,1
1,1976,0,0,3,1
1,1685,1,1,2,1
1,1413,1,1,1,1
1,2226,1,0,1,1
1,1734,1,0,3,1
1,1558,1,0,2,0
1,1883,1,0,3,1
1,2625,1,0,2,1
1,1759,1,0,2,1
1,1958,0,0,1,1
1,2106,1,1,3,1
1,2257,1,0,1,1
1,1803,0,0,3,0
1,2287,1,0,1,1
1,1813,0,1,1,1
1,2926,0,0,2,1
1,1686,1,0,2,1
1,2381,0,0,2,0
1,1780,0,0,1,1
1,1990,1,1,1,0
1,2852,1,0,1,1
1,2366,0,0,1,1
1,2061,0,0,3,0
1,1740,1,0,2,1
1,1062,1,0,3,1
1,1692,1,1,3,1
1,2342,0,0,1,1
1,1900,0,0,3,1
1,1953,0,0,1,1
1,2572,0,0,1,1
1,1688,0,0,2,1
1,1625,0,0,2,1
1,1625,1,0,1,0
1,3042,1,0,2,1
1,1700,1,0,2,1
1,2313,1,0,1,1
1,2456,0,0,3,1
1,2011,1,0,3,1
1,2180,0,0,2,1
1,1746,0,0,2,1
1,2140,1,0,2,1
1,1887,1,1,3,1
1,1224,0,1,3,1
1,2618,1,0,1,1
1,1529,0,0,2,1
1,1049,1,0,1,0
1,2547,1,0,1,1
1,1865,1,0,2,1
1,1782,0,0,3,1
1,1901,1,0,2,1
1,1216,0,0,1,0
1,1470,0,0,2,1
1,1412,1,0,1,1
1,2398,1,0,1,1
1,2349,1,1,3,1
1,2353,0,1,1,1
1,1880,0,0,3,1
1,2196,0,0,3,1
1,1709,1,1,1,1
1,2818,1,0,2,1
1,1436,0,0,3,1
1,1263,0,0,2,1
1,2802,0,0,1,1
1,1719,0,0,3,1
1,1832,0,0,2,0
1,1758,0,0,3,1
1,2364,0,0,2,0
1,1451,0,0,2,1
1,2518,1,0,3,1
1,1985,0,0,2,1
1,1730,1,0,3,1
1,2149,1,0,1,1
1,1923,0,1,3,1
1,2352,1,0,2,1
1,2293,1,0,3,1
1,1661,0,1,1,1
1,1835,0,0,3,1
1,2116,1,0,1,1
1,1989,1,0,2,1
1,2017,0,0,3,1
1,1563,0,0,1,1
1,1531,0,1,1,1
1,1528,1,0,1,1
1,1783,1,0,2,1
1,2101,1,0,1,1
1,950,1,0,3,1
1,2086,0,0,3,1
1,2251,0,0,3,1
1,2719,1,1,3,1
1,2284,0,1,2,1
1,2120,1,0,2,1
1,1894,0,0,1,1
1,1826,1,1,1,1
1,2168,0,1,2,1
1,1740,0,0,1,1
1,2324,1,0,1,1
1,2014,0,0,3,1
1,1705,1,0,2,1
1,1649,0,0,3,1
1,2243,1,1,1,1
1,1697,0,1,2,1
1,1751,0,0,2,1
1,2466,0,1,2,1
1,1367,1,0,2,1
1,2747,1,0,2,1
1,1753,1,0,1,0
1,1799,1,1,1,1
1,1780,0,0,1,1
1,1606,0,1,2,1
1,1708,0,0,1,1
1,1775,0,0,2,1
1,1817,0,1,3,1
1,2407,0,0,1,1
1,1606,0,0,3,1
1,2342,1,0,2,1
1,1742,0,1,3,1
1,2146,0,0,1,1
1,2046,0,0,2,0
1,1863,0,0,1,1
1,2137,0,0,1,1
1,1568,1,0,1,1
1,1874,1,0,3,1
1,1964,0,0,3,1
1,1886,1,0,2,1
1,2523,0,0,1,1
1,2015,1,0,1,1
1,2637,0,0,2,1
1,2018,0,1,2,1
1,1863,0,0,3,1
1,1888,0,0,1,0
1,1944,1,1,2,1
1,2920,1,0,2,1
1,1660,0,1,3,1
1,1763,0,0,2,1
1,1258,0,1,3,1
1,2312,1,1,2,1
1,1792,1,0,3,0
1,1684,1,0,3,0
1,2096,0,0,1,1
1,2340,1,0,2,1
1,2059,1,0,1,1
1,2470,0,1,1,1
1,2857,1,1,1,1
1,1481,0,1,2,0
1,2321,0,1,3,1
1,1911,0,0,1,1
1,2041,1,0,2,1
1,2155,0,0,1,1
1,1668,0,0,1,0
1,2913,1,1,1,1
1,2056,1,1,2,1
1,2127,1,0,1,1
1,1768,0,0,2,1
1,1926,1,1,3,1
1,2385,0,0,2,0
1,1472,1,0,3,1
1,2024,1,1,1,1
1,2571,1,0,3,1
1,1536,0,0,1,1
1,2544,0,1,3,1
1,1518,1,1,2,1
1,1505,1,0,2,1
1,1801,0,1,2,1
1,2036,0,0,2,1
1,2623,1,1,3,1
1,2169,1,0,2,1
1,2595,1,0,2,1
1,2524,0,1,3,1
1,2059,0,0,1,1
1,2311,0,1,1,1
1,1518,1,0,3,1
1,2113,0,1,1,1
1,2390,1,0,1,1
1,2112,0,1,3,1
1,2251,1,0,1,1
1,1467,1,1,3,1
1,1764,1,1,1,1
1,1707,0,1,3,1
1,2117,0,0,1,1
1,2014,0,0,2,0
1,2398,0,0,3,1
1,1291,0,0,2,1
1,1632,1,0,3,1
1,1710,1,1,2,1
1,1641,1,0,1,1
1,1467,1,0,3,1
1,2086,1,0,1,1
1,1847,1,0,2,1
1,2107,0,0,2,1
1,2433,0,0,1,1
1,1553,1,0,1,1
1,2454,0,0,3,1
1,2012,1,0,3,1
1,1917,0,0,1,1
1,2476,1,0,1,1
1,1891,1,1,1,1
1,2375,1,1,3,1
1,1270,0,0,3,0
1,2241,1,1,1,1
1,2595,0,0,2,1
1,1836,1,0,2,1
1,1809,0,0,1,0
1,1892,0,0,1,1
1,1897,1,1,1,1
1,2439,0,1,1,1
1,1729,0,1,2,1
1,1846,1,0,2,0
1,1854,1,0,2,1
1,1339,0,0,2,1
1,1908,0,1,1,1
1,2001,1,1,3,1
1,1896,1,1,2,1
1,2333,0,1,3,1
1,1694,1,0,3,1
1,2293,0,0,3,1
1,2255,1,0,3,1
1,2305,1,1,2,1
1,2359,1,1,2,1
1,2019,1,0,3,1
1,2212,0,0,2,1
1,2523,1,0,3,1
1,2330,1,0,3,1
1,2203,0,1,2,1
1,2243,1,0,1,1
1,1800,1,1,3,1
1,2291,0,0,2,1
1,2770,1,0,1,1
1,2006,1,1,2,1
1,1666,1,0,1,1
1,1444,1,1,2,1
1,1987,0,0,1,0
1,1915,0,0,1,1
1,2185,0,1,1,1
1,2758,0,0,3,1
1,2008,0,0,3,1
1,2488,0,0,2,1
1,1762,1,0,2,1
1,1449,1,1,3,1
1,2230,0,0,2,1
1,1602,1,0,3,1
1,2123,0,0,2,1
1,2765,1,0,1,1
1,1812,0,0,1,1
1,2366,0,0,3,1
1,2271,0,0,1,1
1,2017,1,0,2,1
1,2194,0,0,1,1
1,2080,1,0,2,1
1,2229,0,0,2,1
1,2183,1,0,2,1
1,1866,1,1,2,1
1,1395,0,1,1,1
1,1925,0,0,1,1
1,1240,0,0,2,1
1,1836,1,1,1,1
1,2348,1,0,2,1
1,2347,0,1,1,0
1,2104,0,0,2,1
1,2337,1,0,1,0
1,2201,1,0,3,1
1,1839,0,0,1,1
1,1875,1,0,1,1
1,1557,0,1,3,1
1,1774,1,1,3,1
1,2382,1,1,2,1
1,1613,1,0,2,1
1,1853,1,0,1,1
1,2295,1,1,3,1
1,2110,0,0,2,1
1,2083,0,0,1,0
1,2154,1,0,2,1
1,2096,1,0,3,1
1,2092,0,0,1,0
1,2566,0,0,2,1
1,1636,1,0,1,1
1,1983,1,0,1,1
1,1768,0,1,2,1
1,1471,0,0,2,1
1,2628,0,1,2,0
1,2440,0,1,2,1
1,2008,1,0,2,1
1,2156,0,0,1,1
1,2625,1,0,1,1
1,2755,0,1,1,1
1,2806,1,0,3,1
1,1850,1,0,3,0
1,1936,1,1,1,1
1,2223,1,0,1,1
1,2048,1,0,2,1
1,1970,0,0,1,1
1,2001,0,0,2,1
1,2564,0,1,1,1
1,1248,1,0,3,1
1,1814,0,0,3,1
1,2651,1,0,3,1
1,2796,1,0,1,1
1,2119,1,1,2,1
1,849,1,0,1,1
2,878,0,1,1,1
2,1069,0,0,1,0
2,1081,1,1,1,1
2,869,1,0,1,0
2,1109,0,0,3,1
2,1229,0,1,3,1
2,986,0,0,2,1
2,878,0,1,3,0
2,819,1,0,3,0
2,1229,0,1,2,1
2,1223,1,1,3,0
2,1133,1,1,3,0
2,725,1,1,1,0
2,1172,1,1,2,0
2,1046,1,0,1,0
2,1315,1,0,2,0
2,1305,1,0,1,1
2,950,0,0,3,0
2,1111,0,1,2,1
2,1453,1,0,1,0
2,994,0,1,2,1
2,1160,1,0,2,0
2,708,1,1,2,0
2,1225,0,1,2,1
2,1075,0,1,1,0
2,1089,1,0,1,0
2,799,1,1,3,1
2,1056,0,1,1,1
2,992,0,0,1,0
2,594,1,1,3,0
2,1234,0,0,2,0
2,1076,0,1,2,1
2,974,1,0,2,1
2,1151,1,0,3,1
2,1115,1,0,3,0
2,961,1,1,3,0
2,894,1,1,2,0
2,1084,0,0,2,0
2,859,1,0,1,0
2,885,1,0,2,0
2,971,1,1,3,0
2,1153,0,1,2,1
2,1212,0,1,3,0
2,1291,0,1,2,0
2,920,1,0,1,1
2,1031,0,0,2,0
2,1256,0,1,2,0
2,742,1,1,3,0
2,746,1,1,1,1
2,997,0,1,3,1
2,933,1,1,2,1
2,1049,1,1,2,1
2,1057,0,1,3,1
2,1317,1,1,1,0
2,1033,1,1,2,0
2,1133,1,1,1,1
2,748,0,1,1,1
2,1023,0,0,1,0
2,980,1,1,3,1
2,974,0,1,2,1
2,1206,1,0,1,0
2,1121,0,1,1,0
2,662,0,0,1,0
2,838,0,0,2,0
2,976,1,1,3,1
2,732,0,0,3,0
2,1221,1,0,1,0
2,940,0,0,3,1
2,648,0,0,2,0
2,775,1,1,2,0
2,872,0,1,2,0
2,1136,0,1,3,1
2,1101,0,1,1,1
2,1301,0,0,3,1
2,1191,0,1,2,0
2,1363,1,0,3,0
2,1190,0,1,3,0
2,1307,1,1,3,0
2,960,0,0,2,0
2,1301,0,1,3,1
2,915,1,1,1,1
2,1422,0,0,1,1
2,746,1,1,3,1
2,1257,1,0,1,1
2,598,1,1,1,0
2,913,0,1,3,0
2,909,0,0,3,1
2,790,1,0,3,1
2,558,1,1,2,0
2,774,1,0,1,0
2,1023,0,1,3,0
2,1038,0,0,2,0
2,1302,1,1,1,0
2,1129,1,0,3,1
2,1079,0,1,1,1
2,694,1,1,3,0
2,1194,1,0,3,1
2,1332,1,0,3,1
2,808,1,1,2,0
2,1211,0,0,3,1
2,1029,0,0,3,1
2,1164,1,0,2,1
2,970,0,0,1,0
2,754,0,1,2,1
2,1166,1,1,1,1
2,1040,1,1,3,1
2,926,0,0,3,0
2,1177,1,0,2,1
2,921,0,0,2,1
2,937,0,0,3,1
2,937,1,1,1,0
2,918,0,0,3,1
2,1182,1,1,3,0
2,1077,0,1,2,1
2,728,1,1,2,1
2,903,1,0,1,1
2,1034,0,0,2,1
2,685,1,0,2,1
2,842,0,0,3,0
2,999,0,0,3,1
2,703,0,0,2,0
2,1088,0,0,2,0
2,1024,0,1,2,1
2,898,1,1,3,0
2,1258,0,0,1,0
2,832,1,0,3,0
2,897,0,1,1,0
2,576,1,1,1,0
2,1015,0,1,3,1
2,738,1,1,2,0
2,999,0,0,3,0
2,994,1,0,1,0
2,760,0,1,3,1
2,787,0,1,3,1
2,1267,0,1,1,0
2,858,1,0,2,1
2,1080,1,1,1,0
2,1025,1,0,2,0
2,1270,0,0,2,1
2,974,1,0,2,1
2,707,0,1,1,1
2,1167,1,1,2,0
2,478,0,0,3,0
2,877,0,0,3,1
2,1177,0,0,2,1
2,1180,0,1,3,1
2,747,1,1,3,0
2,1121,0,1,1,1
2,1118,1,0,2,1
2,916,0,1,1,1
2,1121,1,1,3,1
2,765,0,1,2,1
2,1066,0,1,1,1
2,904,1,1,3,0
2,658,1,0,3,0
2,759,0,1,3,1
2,1224,1,0,3,1
2,839,1,0,3,1
2,773,1,1,1,0
2,707,0,1,1,1
2,1040,0,1,1,1
2,1215,0,1,3,0
2,1121,0,1,3,1
2,1165,1,0,3,1
2,1272,1,0,2,1
2,936,1,0,2,1
2,1146,1,0,3,1
2,996,0,1,3,0
2,974,0,1,3,0
2,1299,1,0,3,1
2,502,1,0,2,1
2,1565,0,1,2,1
2,1390,1,1,2,1
2,845,0,1,2,0
2,1038,0,0,2,1
2,1205,0,1,3,0
2,1259,0,1,3,1
2,1037,1,1,3,0
2,1023,1,1,3,1
2,852,1,0,2,0
2,944,0,1,3,0
2,950,1,1,2,0
2,1197,0,1,1,1
2,807,1,0,2,0
2,949,0,1,3,1
2,1079,1,0,3,1
2,971,1,0,3,1
2,878,1,1,3,0
2,1223,1,0,2,0
2,948,0,0,3,0
2,1257,0,0,1,0
2,1208,0,1,3,0
2,799,0,1,2,1
2,770,1,1,1,0
2,855,1,1,2,0
2,1374,0,1,2,1
2,976,1,0,1,0
2,892,1,0,1,0
2,1105,0,1,2,1
2,944,0,0,2,0
2,668,1,0,3,1
2,1040,0,0,3,0
2,883,0,0,2,1
2,833,0,0,3,0
2,834,0,0,1,0
2,1550,1,1,3,0
2,767,1,1,3,1
2,910,0,1,3,0
2,1415,1,1,3,1
2,887,1,1,3,1
2,723,1,1,1,0
2,1120,1,0,2,1
2,1173,0,1,2,1
2,1124,0,0,2,1
2,1323,0,0,3,1
2,1100,1,1,1,1
2,827,0,1,2,0
2,862,1,1,3,1
2,1038,1,1,3,1
2,1245,0,0,1,0
2,937,1,1,3,1
2,1080,0,1,3,0
2,913,0,1,1,1
2,1113,0,0,1,1
2,850,0,1,3,1
2,1044,1,0,1,0
2,1085,0,1,2,0
2,1098,1,0,2,0
2,1354,1,0,1,0
2,1194,0,0,1,1
2,1080,1,1,1,0
2,1469,0,1,2,0
2,1173,0,1,3,0
2,640,1,1,3,1
2,944,1,0,3,0
2,771,1,0,1,1
2,1382,1,1,2,0
2,422,0,0,1,1
2,1192,1,1,3,1
2,1089,0,1,3,1
2,1011,1,1,1,0
2,894,0,0,2,1
2,1075,1,0,2,0
2,1069,0,1,1,1
2,713,0,0,3,1
2,1062,0,0,3,1
2,1347,0,1,2,0
2,1078,1,0,1,1
2,771,0,0,1,1
2,608,0,0,1,0
2,1243,1,0,3,1
2,953,1,1,3,1
2,1100,0,1,2,0
2,792,1,1,2,0
2,1105,1,1,1,1
2,899,1,0,1,0
2,977,1,0,3,1
2,874,1,1,3,0
2,942,1,0,3,1
2,1001,1,1,1,1
2,1173,1,1,1,0
2,925,1,0,3,0
2,1125,0,0,1,1
2,1259,1,1,3,0
2,1155,0,1,3,0
2,1097,1,0,2,0
2,542,1,1,3,1
2,700,1,1,1,0
2,1287,0,1,1,0
2,1039,1,0,3,0
2,882,0,1,1,0
2,1314,0,0,3,0
2,1198,1,1,3,1
2,837,0,0,2,1
2,788,1,0,3,1
2,813,1,0,1,0
2,923,1,1,2,0
2,838,1,0,3,1
2,1070,1,0,3,1
2,758,0,1,2,0
2,1213,1,1,3,0
2,850,1,0,2,1
2,494,0,1,3,1
2,1151,1,1,1,1
2,1110,1,0,3,1
2,844,0,1,1,1
2,900,0,0,2,0
2,821,1,0,2,1
2,945,0,0,3,0
2,895,1,1,2,0
2,696,0,1,2,0
2,1056,1,1,2,0
2,944,1,0,3,1
2,1034,0,1,2,1
2,1553,1,0,3,0
2,709,1,1,3,0
2,899,0,0,3,0
2,703,1,1,1,0
2,993,0,1,3,1
2,1213,1,1,3,0
2,1295,1,1,1,0
2,960,0,0,2,0
2,1026,0,0,1,1
2,891,0,1,2,1
2,1126,1,1,3,0
2,823,0,0,1,0
2,1045,0,0,2,1
2,863,1,1,2,0
2,1010,0,1,2,1
2,927,1,1,2,1
2,905,0,1,1,0
2,1119,1,1,3,0
2,828,0,1,2,1
2,1322,0,1,3,1
2,896,0,0,2,1
2,965,1,1,2,0
2,1161,1,1,3,1
2,888,1,0,2,1
2,1129,0,1,3,1
2,1040,1,0,1,1
2,1032,0,0,1,0
2,1112,1,0,2,1
2,1318,0,1,1,0
2,1076,0,0,3,0
2,1218,1,0,2,1
2,1087,1,1,2,0
2,922,1,0,3,1
2,595,0,1,1,1
2,990,1,1,1,1
2,848,1,0,3,0
2,921,0,0,3,1
2,818,1,0,3,0
2,1315,1,1,3,1
2,1090,1,1,1,0
2,915,1,1,1,0
2,1023,0,1,3,1
2,1422,0,1,2,1
2,880,1,1,2,1
2,752,0,0,3,0
2,928,1,0,3,0
2,910,1,0,2,0
2,1116,1,1,3,0
2,902,1,1,1,1
2,1307,0,1,1,0
2,850,1,0,2,1
2,633,1,1,2,0
2,1146,1,1,2,0
2,1069,1,0,3,1
2,1298,1,1,3,0
2,769,1,0,3,0
2,812,1,0,1,0
2,795,0,1,1,1
2,1009,1,1,3,1
2,1158,1,1,1,0
2,960,0,1,3,1
2,1095,1,1,2,1
2,1088,0,1,2,1
2,915,1,0,1,0
2,1194,0,1,1,1
2,1236,0,0,1,1
2,975,1,1,1,1
2,903,1,0,3,1
2,575,1,0,3,0
2,1256,0,0,1,1
2,1052,1,0,2,1
2,1303,0,0,3,1
2,1006,0,0,3,1
2,836,0,0,2,1
2,919,0,0,2,0
2,983,0,1,2,0
2,1131,1,0,3,0
2,1417,0,1,2,1
2,676,0,1,1,1
2,1075,0,0,3,1
2,955,0,0,1,0
2,855,1,0,3,1
2,1236,0,1,2,1
2,964,1,1,1,0
2,932,0,0,2,1
2,999,0,1,3,0
2,753,0,1,1,0
2,994,1,1,3,0
2,1209,1,1,1,1
2,959,1,1,3,1
2,1043,0,0,1,0
2,1125,0,1,3,0
2,999,0,1,1,0
2,886,0,0,1,1
2,985,0,0,3,1
2,1211,1,1,1,0
2,829,0,1,1,0
2,1174,1,1,2,0
2,1252,1,1,1,1
2,1331,1,1,3,0
2,1118,0,1,1,0
2,1097,1,0,1,1
2,812,1,1,1,1
2,1307,0,1,2,1
2,1106,1,1,2,1
2,875,0,1,2,0
2,961,0,0,2,0
2,1126,0,1,1,1
2,875,1,1,3,1
2,1202,0,0,3,0
2,897,0,0,1,1
2,777,0,0,2,1
2,1261,0,0,3,1
2,846,0,1,1,0
2,585,1,0,2,1
2,950,1,0,3,0
2,845,1,0,3,1
2,737,0,0,2,0
2,977,0,0,2,1
2,1191,1,0,3,0
2,995,1,0,1,1
2,793,0,0,2,0
2,1027,1,1,1,1
2,807,1,0,3,1
2,1075,0,0,2,1
2,1015,1,1,3,0
2,1063,0,1,2,1
2,925,1,1,2,0
2,777,1,1,1,0
2,1012,1,1,2,1
2,756,0,0,3,1
2,820,0,1,3,0
2,1235,0,0,3,0
2,784,1,0,3,1
2,954,1,0,3,0
2,1018,1,1,2,0
2,848,1,1,3,0
2,799,1,1,3,1
2,881,1,0,2,0
2,868,0,0,2,1
2,1014,0,1,3,0
2,657,0,1,2,0
2,1301,1,0,2,0
2,792,1,1,2,1
2,887,0,1,2,1
2,1003,0,1,3,1
2,810,1,1,3,0
2,870,0,0,1,0
2,961,0,1,3,1
2,623,1,0,2,0
2,1110,1,1,3,1
2,880,0,0,3,1
2,1149,1,1,3,1
2,913,0,0,1,1
2,788,1,1,1,0
2,944,1,1,1,0
2,982,1,0,2,1
2,960,0,0,3,1
2,901,1,1,1,0
2,808,0,0,3,0
2,942,1,1,1,1
2,1261,0,1,1,1
2,1161,1,0,2,1
2,891,0,0,3,0
2,575,1,1,2,1
2,719,0,1,2,0
2,878,0,1,2,0
2,1171,1,0,1,0
2,1008,1,0,2,0
2,1135,1,1,1,1
2,636,1,0,3,1
2,950,0,0,3,0
2,1141,1,0,3,1
2,1017,0,0,3,1
2,1019,1,0,3,0
2,666,1,0,1,1
2,815,1,1,3,1
2,922,1,1,3,1
2,1151,0,0,3,0
2,1206,0,0,1,1
2,837,1,1,1,1
2,1052,1,0,3,0
2,1101,0,1,2,1
2,1215,0,0,2,0
2,948,1,0,1,0
2,620,1,0,2,0
2,1041,1,1,3,1
2,968,1,0,3,1
2,1075,0,1,2,0
2,989,0,1,3,1
2,784,0,1,3,1
2,1503,0,1,2,0
2,912,1,0,2,0
2,867,1,0,1,0
2,713,1,0,1,0
2,1199,1,0,2,0
2,963,0,0,3,0
2,907,1,1,1,0
2,925,1,1,2,1
2,1304,0,0,3,0
2,978,0,1,2,1
2,1047,0,1,1,1
2,1287,0,1,2,0
2,1130,1,1,2,0
2,1001,1,1,2,1
2,1237,0,1,3,0
2,801,1,1,2,1
2,768,1,1,3,1
2,1212,1,0,1,0
2,877,1,0,1,0
2,1016,0,0,3,0
2,893,0,0,1,0
2,678,0,1,2,1
2,739,1,0,2,0
2,1024,1,1,2,1
2,903,1,0,1,1
2,1275,0,1,3,1
2,781,1,1,1,1
2,828,0,0,1,0
2,1095,0,0,3,0
2,769,1,0,2,0
2,1296,1,1,2,0
2,1182,1,1,3,1
2,1094,1,1,3,0
2,1258,0,0,3,1
2,1122,0,1,3,1
2,668,1,1,2,0
2,920,1,0,3,1
2,978,0,0,3,0
2,1116,1,1,2,1
2,1068,1,0,1,1
2,1032,1,0,2,1
2,889,1,1,2,1
2,738,1,0,3,1
2,561,1,0,2,0
2,876,0,0,1,1
2,940,1,0,3,0
2,1219,1,1,1,1
2,1008,1,0,3,1
2,1103,1,0,2,1
2,1164,0,1,2,0
2,792,1,0,3,1
2,1174,1,0,1,0
2,838,1,0,2,0
2,749,1,0,3,0
2,983,0,0,1,1
2,1050,0,1,3,1
2,902,1,0,2,1
2,905,1,1,3,0
2,977,0,1,2,1
2,1063,0,0,1,1
2,1117,1,0,2,0
2,1151,1,1,1,1
2,1137,1,0,1,0
2,816,0,1,2,1
2,1058,0,1,3,1
2,1089,0,1,2,1
2,1087,0,1,2,0
2,1551,0,1,3,1
2,891,0,0,1,0
2,793,1,0,1,1
2,961,1,1,3,1
2,981,1,1,3,1
2,1216,0,1,1,1
2,918,0,1,3,0
2,1261,1,0,2,0
2,980,1,1,2,0
2,1083,0,0,2,0
2,1196,0,0,3,1
2,918,1,1,1,0
2,637,0,1,1,0
2,601,1,1,1,1
2,794,1,1,3,1
2,1087,0,1,3,1
2,1039,0,0,2,1
2,933,1,1,1,0
2,1089,1,1,1,1
2,874,1,0,3,0
2,684,1,0,3,0
2,756,0,0,2,1
2,1051,1,1,1,0
2,1133,0,1,2,1
2,1002,0,1,2,1
2,1019,0,0,1,0
2,699,1,0,2,1
2,871,1,0,2,1
2,1205,1,0,1,0
2,1330,1,0,3,0
2,1182,1,0,2,1
2,1133,0,1,3,0
2,1184,0,0,3,0
2,1175,1,1,2,1
2,1056,0,0,2,1
2,764,0,0,2,0
2,862,0,1,1,1
2,1238,0,0,3,1
2,575,1,1,3,0
2,1339,0,1,1,1
2,915,0,1,1,1
2,1203,1,1,2,0
2,1013,0,0,3,0
2,1075,0,0,1,1
2,990,0,0,1,0
2,1261,0,1,2,1
2,919,0,1,3,0
2,853,0,0,2,1
2,545,0,1,3,1
2,1018,0,0,1,0
2,1073,0,0,1,0
2,1073,1,1,2,0
2,1405,1,1,3,0
2,1105,1,1,2,0
2,1047,1,1,2,1
2,1380,1,0,2,1
2,987,1,0,2,0
2,871,0,0,2,1
2,1025,0,1,3,1
2,875,1,1,1,0
2,1024,0,1,3,0
2,888,0,1,1,1
2,1182,0,0,2,1
2,867,0,1,1,1
2,1102,0,0,2,1
2,1075,1,0,3,0
2,1004,0,0,2,0
2,842,0,0,1,1
2,1038,1,0,3,1
2,918,1,0,1,1
2,1307,1,0,2,1
2,1196,0,0,3,1
2,1092,1,0,1,0
2,1169,0,1,3,1
2,1243,1,0,2,1
2,756,1,1,3,1
2,911,1,1,1,0
2,791,0,0,2,1
2,655,0,0,2,1
2,900,0,0,3,0
2,863,0,1,2,1
2,1140,0,1,3,0
2,1093,1,0,2,0
2,1377,0,0,2,0
2,979,1,0,1,0
2,980,1,0,2,0
2,1276,0,1,2,0
2,983,0,1,1,0
2,1187,1,0,1,1
2,732,0,0,1,0
2,1002,0,1,1,0
2,1302,0,0,2,1
2,1072,1,1,2,0
2,853,1,1,1,0
2,1148,1,0,3,0
2,1028,1,1,1,1
2,1662,1,1,1,1
2,800,0,1,3,0
2,1034,0,0,3,1
2,706,0,1,1,0
2,984,1,0,2,1
2,1181,1,0,1,0
2,1322,1,1,3,0
2,900,1,1,2,0
2,1001,0,1,2,1
2,811,0,0,3,0
2,897,0,1,3,0
2,816,0,0,2,1
2,660,1,0,3,1
2,1292,0,1,1,0
2,1104,1,0,1,1
2,1140,0,1,3,1
2,859,0,0,3,0
2,1155,0,0,3,1
2,924,1,1,3,1
2,1067,0,1,2,1
2,938,1,1,2,1
2,1587,0,1,1,1
2,1105,0,1,2,1
2,1090,0,1,2,0
2,983,1,0,1,0
2,956,1,0,1,0
2,1282,1,0,1,1
2,1539,1,0,2,0
2,957,0,0,2,0
2,1319,1,0,1,1
2,1335,1,0,3,1
2,882,0,0,2,1
2,1180,1,1,1,1
2,1088,0,0,2,0
2,675,0,0,1,0
2,806,1,0,3,1
2,910,0,1,2,1
2,1098,1,1,2,1
2,851,1,1,1,1
2,731,1,0,1,0
2,1091,0,0,1,1
2,1207,1,0,2,1
2,800,0,0,1,0
2,950,1,0,1,1
2,955,0,0,1,0
2,867,1,0,3,1
2,969,0,0,3,1
2,1029,1,0,2,1
2,1000,0,0,1,1
2,876,0,0,3,0
2,1157,1,1,3,0
2,820,0,0,3,0
3,1142,1,1,1,0
3,1001,0,0,1,0
3,1142,0,1,3,0
3,1106,1,1,2,0
3,1004,1,1,1,0
3,1275,1,0,1,0
3,713,0,0,2,0
3,1187,1,1,3,0
3,985,0,1,1,0
3,1135,1,0,1,0
3,1070,1,0,3,0
3,1410,0,1,1,0
3,968,1,0,3,0
3,520,0,1,3,0
3,873,1,1,1,0
3,1132,1,0,3,0
3,1038,1,0,3,1
3,1255,0,0,2,0
3,1403,0,1,3,0
3,860,0,0,3,0
3,1227,0,1,3,0
3,628,0,0,1,0
3,740,1,0,3,1
3,1373,0,1,1,0
3,1276,1,1,3,0
3,1289,1,0,3,0
3,756,0,1,3,0
3,717,0,0,3,0
3,843,0,1,1,0
3,1459,0,0,3,0
3,1194,1,1,3,0
3,1090,0,1,1,0
3,874,1,0,3,0
3,807,0,0,2,0
3,792,0,0,2,0
3,1030,1,1,2,0
3,1566,1,0,3,0
3,1248,0,0,2,0
3,924,1,1,3,1
3,982,0,0,3,0
3,1023,1,0,2,0
3,562,1,1,1,0
3,772,0,1,3,0
3,1351,0,1,1,0
3,771,0,0,3,1
3,847,1,0,3,0
3,447,1,0,3,1
3,1432,1,0,3,0
3,871,0,1,3,1
3,1119,1,1,3,0
3,717,0,1,2,0
3,1444,1,0,3,0
3,782,0,0,1,0
3,1528,0,0,3,0
3,1177,0,0,1,1
3,697,0,1,1,0
3,1157,0,0,3,0
3,1005,1,0,3,0
3,927,1,1,3,1
3,996,0,1,3,1
3,564,0,1,1,0
3,1528,1,0,3,0
3,903,0,1,3,0
3,682,1,1,1,0
3,606,0,0,3,0
3,784,0,1,1,0
3,1345,1,0,3,1
3,1604,0,1,3,0
3,1150,1,1,3,0
3,945,1,1,3,0
3,1149,0,1,2,0
3,699,0,1,3,0
3,961,0,0,3,0
3,1209,1,1,3,0
3,713,1,1,3,0
3,1598,1,1,3,0
3,714,0,1,3,0
3,731,0,1,3,0
3,1006,1,0,3,0
3,661,1,1,1,0
3,666,0,1,3,0
3,1141,0,0,3,0
3,958,1,1,3,0
3,936,0,1,3,0
3,898,0,0,2,0
3,1251,0,1,1,0
3,1176,0,0,1,0
3,900,0,1,3,0
3,740,0,1,2,0
3,1289,1,1,3,0
3,1708,0,0,2,0
3,1074,1,0,2,0
3,1261,1,1,3,0
3,679,0,0,3,0
3,805,1,0,2,0
3,851,1,0,3,0
3,773,1,1,3,0
3,1022,1,0,2,0
3,838,1,0,3,0
3,1036,1,0,2,0
3,640,1,1,2,0
3,691,1,1,3,0
3,895,1,0,1,0
3,1371,0,0,2,0
3,1082,0,1,3,0
3,630,0,1,2,0
3,933,0,1,3,0
3,1514,0,1,1,0
3,829,0,0,3,1
3,899,0,1,3,0
3,1335,0,1,3,0
3,1091,1,1,1,0
3,1226,1,1,1,0
3,1140,1,0,3,0
3,1141,0,0,3,0
3,850,1,0,2,0
3,1550,0,1,3,0
3,975,0,0,3,0
3,1612,1,0,3,0
3,1476,0,0,2,0
3,673,0,0,3,1
3,903,0,1,3,0
3,989,0,0,1,0
3,925,1,0,1,0
3,974,1,1,3,0
3,682,1,0,1,1
3,685,0,0,1,0
3,710,1,1,3,0
3,720,0,0,3,0
3,1006,1,1,2,0
3,953,0,1,3,0
3,1157,0,1,3,0
3,893,1,1,3,0
3,1021,0,0,1,0
3,1347,0,0,2,0
3,647,1,0,3,0
3,531,0,0,3,0
3,2069,1,0,3,0
3,905,0,1,2,0
3,1018,0,0,2,0
3,1393,0,0,3,0
3,1442,1,0,2,0
3,782,0,1,3,0
3,794,0,1,2,0
3,927,0,1,3,0
3,1187,0,0,1,0
3,699,1,0,3,0
3,583,0,0,3,0
3,969,0,0,2,0
3,377,0,1,3,0
3,901,0,1,1,0
3,707,0,1,2,0
3,1569,1,1,2,0
3,539,1,0,3,0
3,402,0,1,3,0
3,888,0,1,3,0
3,881,1,0,2,0
3,841,1,0,3,0
3,1016,1,0,2,0
3,933,0,0,3,1
3,1098,1,1,3,0
3,1158,1,1,2,0
3,911,0,1,1,0
3,1330,0,1,1,1
3,1016,1,0,2,0
3,1062,1,0,3,0
3,824,0,1,3,0
3,724,0,0,3,1
3,1088,0,0,2,0
3,1021,0,0,3,1
3,988,1,0,3,0
3,1104,1,1,3,0
3,1236,0,1,2,0
3,1087,0,0,2,0
3,1191,0,1,3,0
3,1383,0,0,3,0
3,1322,1,0,3,0
3,1293,0,0,3,0
3,1331,0,0,1,0
3,1011,1,1,3,0
3,1144,1,1,2,0
3,1503,0,0,2,0
3,1086,0,1,2,0
3,1094,0,0,3,0
3,1058,0,1,3,0
3,853,1,1,3,0
3,920,1,0,3,0
3,1149,1,0,1,0
3,831,0,1,3,0
3,979,0,0,3,0
3,906,0,0,3,0
3,1373,0,1,3,0
3,932,0,0,3,0
3,512,1,1,3,0
3,1334,0,1,2,0
3,1313,1,0,2,0
3,1627,0,1,1,0
3,1441,0,1,3,0
3,982,1,1,3,0
3,974,1,1,3,0
3,677,1,1,3,0
3,1193,1,0,3,0
3,1159,0,1,3,0
3,1250,0,0,3,0
3,1577,0,1,1,0
3,598,0,1,3,0
3,587,1,1,2,0
3,675,1,0,3,0
3,471,1,0,3,0
3,1104,1,1,2,0
3,1078,0,1,2,0
3,369,1,0,1,0
3,1135,1,0,3,0
3,764,1,0,3,0
3,945,1,0,1,0
3,1445,0,1,3,1
3,1198,1,0,2,1
3,1212,0,0,3,0
3,737,1,1,3,0
3,690,1,1,1,0
3,880,0,0,3,0
3,723,1,0,3,0
3,468,0,0,3,0
3,1006,1,0,3,0
3,1048,0,1,3,1
3,1252,1,0,3,0
3,1376,0,1,3,0
3,691,1,1,3,0
3,874,0,1,2,0
3,969,0,1,3,0
3,1274,1,1,3,0
3,1640,1,0,3,0
3,1302,1,1,3,0
3,1160,0,1,1,0
3,1008,1,0,3,0
3,876,0,0,3,0
3,976,1,1,2,0
3,1638,0,0,2,0
3,1646,0,0,3,1
3,807,1,1,3,0
3,468,0,1,3,0
3,873,1,0,3,0
3,874,0,1,3,0
3,1315,0,1,3,0
3,1260,0,0,3,0
3,857,0,0,2,0
3,1159,0,0,3,0
3,1045,0,1,2,1
3,1306,0,0,3,0
3,809,1,0,1,0
3,1220,0,1,2,1
3,1288,0,0,3,0
3,1023,0,0,3,0
3,787,1,1,3,0
3,1090,0,1,3,0
3,1063,0,1,2,0
3,1075,0,0,2,0
3,1362,1,1,2,0
3,917,0,1,2,0
3,1009,1,1,3,0
3,1174,1,0,2,0
3,1060,0,1,1,0
3,296,0,0,3,0
3,968,0,1,3,0
3,904,0,0,1,0
3,966,0,0,3,0
3,1204,0,0,3,0
3,707,1,1,1,1
3,570,1,1,3,0
3,922,0,1,1,0
3,831,1,1,1,0
3,969,1,0,3,0
3,986,0,0,3,1
3,463,0,1,3,0
3,1541,0,0,3,0
3,1232,1,0,3,0
3,1439,1,1,3,0
3,845,1,0,3,0
3,837,0,0,3,0
3,1436,0,0,3,0
3,1443,1,0,3,0
3,1492,1,1,3,0
3,1159,1,0,3,0
3,143,1,1,2,0
3,1507,1,1,3,1
3,1197,1,0,2,1
3,1070,0,0,2,0
3,1360,0,0,2,0
3,897,0,0,2,0
3,1192,0,1,3,0
3,1265,1,1,2,0
3,1303,0,0,2,0
3,727,0,1,3,0
3,1404,0,1,3,0
3,100,1,1,3,0
3,1219,1,1,2,0
3,720,0,1,3,0
3,1438,1,0,2,1
3,1491,0,0,3,1
3,596,1,0,3,0
3,830,0,1,1,0
3,844,1,0,2,0
3,521,1,1,2,0
3,1930,0,1,3,0
3,964,0,1,3,0
3,832,1,0,2,0
3,1052,0,0,3,0
3,1423,0,1,3,0
3,667,1,1,2,0
3,856,1,1,3,0
3,391,0,0,1,0
3,567,1,1,3,1
3,753,1,1,3,0
3,1311,1,1,2,0
3,526,0,1,2,0
3,1185,0,1,1,0
3,980,0,1,3,0
3,1315,0,1,3,0
3,1049,0,1,3,0
3,608,1,1,3,0
3,1224,1,0,3,0
3,1258,0,1,1,0
3,937,1,1,3,0
3,561,0,0,2,0
3,216,1,0,3,0
3,1284,1,0,3,1
3,1031,0,0,3,0
3,1132,0,1,1,0
3,1258,0,1,3,0
3,398,0,0,3,0
3,1306,0,1,3,0
3,857,0,0,3,0
3,1477,1,1,3,0
3,1314,1,0,1,0
3,1237,0,1,3,0
3,1017,0,1,3,0
3,1233,1,1,2,0
3,1632,0,1,3,0
3,1040,0,1,3,0
3,1051,1,1,1,0
3,1204,1,1,1,0
3,1010,0,1,1,0
3,1069,1,0,2,0
3,1059,0,1,3,0
3,649,0,1,2,0
3,1120,1,1,3,0
3,1038,1,1,2,0
3,1013,0,1,2,0
3,429,0,0,3,0
3,854,0,0,1,0
3,1191,0,0,1,1
3,599,0,1,3,0
3,1004,0,1,1,0
3,1003,0,1,3,0
3,1299,0,1,3,0
3,1434,0,1,3,0
3,1022,0,0,3,0
3,377,1,1,3,0
3,1034,0,0,3,0
3,1465,0,1,1,0
3,1167,0,0,3,1
3,1596,1,0,1,0
3,1315,0,1,3,0
3,754,0,0,1,0
3,443,1,0,2,1
3,881,0,1,1,0
3,1185,0,0,3,0
3,766,1,1,3,0
3,1288,0,0,3,0
3,743,1,0,3,0
3,664,0,0,3,0
3,617,1,1,3,0
3,1148,1,1,3,0
3,488,0,1,2,0
3,1281,1,0,3,0
3,998,0,0,3,0
3,918,1,0,1,0
3,1316,1,0,3,0
3,833,0,0,1,0
3,1205,1,0,1,0
3,784,0,0,3,0
3,758,0,1,3,0
3,1155,0,1,1,0
3,1144,0,1,1,0
3,704,1,1,3,0
3,501,0,1,3,0
3,920,1,0,3,0
3,557,0,1,3,0
3,1339,1,0,3,0
3,1114,0,1,2,0
3,790,0,1,2,1
3,858,0,0,3,0
3,980,1,0,1,0
3,1159,1,0,3,0
3,1364,1,0,3,0
3,1476,1,1,3,0
3,780,0,1,2,0
3,883,1,0,2,0
3,1277,0,0,3,0
3,1010,0,1,2,0
3,988,1,0,3,1
3,1167,0,1,3,0
3,1057,1,0,1,0
3,1667,0,0,3,0
3,973,0,1,3,0
3,863,1,1,2,0
3,634,1,1,1,1
3,518,1,0,3,0
3,595,0,0,3,0
3,1027,0,1,1,0
3,1184,1,0,1,1
3,986,0,1,3,0
3,812,0,0,3,0
3,949,0,1,2,0
3,1161,1,0,3,0
3,818,1,1,3,0
3,516,1,1,3,0
3,862,0,0,2,1
3,938,0,1,3,0
3,949,1,1,3,0
3,1036,0,0,3,0
3,1166,1,1,3,0
3,1202,1,0,3,0
3,890,1,1,3,0
3,526,0,0,3,0
3,1188,1,1,2,0
3,1407,1,0,3,0
3,1164,0,1,2,0
3,1160,0,0,1,0
3,781,0,0,3,0
3,849,1,1,3,0
3,1299,1,1,3,1
3,923,0,1,1,0
3,827,0,1,3,0
3,926,1,0,1,0
3,1204,1,0,3,1
3,1115,0,1,3,1
3,788,1,0,2,0
3,1354,0,0,3,0
3,1148,1,0,3,1
3,1203,0,0,3,0
3,1240,1,1,3,0
3,1599,0,1,3,0
3,1116,0,0,3,0
3,886,0,0,3,0
3,921,0,1,3,0
3,619,0,1,3,1
3,1427,1,1,3,0
3,1330,0,1,3,0
3,631,1,0,3,0
3,1095,1,0,1,0
3,1072,0,1,1,0
3,657,1,0,3,1
3,1021,0,1,3,0
3,1012,1,0,3,0
3,1403,1,0,1,0
3,1197,1,1,3,0
3,925,0,1,2,0
3,1652,1,0,1,0
3,474,0,0,3,0
3,744,1,1,2,0
3,880,1,1,3,0
3,1050,1,0,3,1
3,1119,1,1,3,0
3,706,1,1,2,1
3,1445,0,0,2,0
3,1201,1,1,3,0
3,1002,0,0,3,0
3,1355,0,0,1,0
3,1556,0,0,3,0
3,736,0,1,1,1
3,1103,0,0,3,0
3,669,0,0,3,0
3,1449,1,1,3,0
3,1208,0,1,3,0
3,1150,1,0,1,0
3,1531,0,0,2,0
3,724,1,1,2,0
3,1666,0,1,3,0
3,1012,0,0,3,0
3,909,0,1,3,0
3,914,1,1,1,0
3,860,0,0,3,1
3,860,1,1,3,1
3,1194,0,1,3,0
3,672,1,0,3,0
3,981,0,1,3,0
3,949,0,0,2,0
3,1301,1,1,3,0
3,880,1,0,3,0
3,1098,1,1,2,0
3,1081,1,0,3,1
3,945,0,0,3,0
3,1059,0,1,2,0
3,1103,0,1,3,0
3,1511,1,0,2,0
3,378,1,0,3,0
3,1116,0,1,3,0
3,961,1,0,1,0
3,1164,0,1,1,0
3,535,0,1,3,0
3,445,0,0,1,0
3,1042,0,0,3,0
3,937,1,0,2,0
3,1098,1,0,1,0
3,1011,0,0,2,0
3,1098,1,1,3,0
3,662,0,1,3,0
3,672,1,1,3,0
3,975,1,1,3,0
3,904,0,1,3,0
3,909,0,0,2,0
3,424,0,0,1,0
3,874,1,1,3,0
3,927,1,1,3,0
3,1128,1,0,3,1
3,908,0,1,3,0
3,696,0,1,2,0
3,1511,1,1,3,0
3,672,1,1,3,0
3,967,0,1,3,0
3,1277,0,0,3,1
3,1028,0,0,3,0
3,989,1,0,3,0
3,1212,0,1,1,0
3,875,0,0,2,0
3,486,0,0,3,0
3,836,0,1,3,0
3,1519,0,0,3,0
3,890,0,0,3,0
3,1219,0,1,1,0
3,1088,0,0,3,0
3,1309,0,1,3,0
3,965,0,1,3,0
3,864,0,1,3,1
3,1685,1,1,3,0
3,1264,1,1,1,0
3,1056,0,1,1,1
3,1324,1,1,3,1
3,1039,1,0,3,1
3,336,0,0,3,0
3,1174,0,1,3,0
3,1448,1,1,2,0
3,931,0,1,3,0
3,727,1,0,3,0
3,1074,0,1,1,0
3,1281,1,0,1,0
3,702,1,0,3,0
3,730,1,0,3,1
3,1165,0,0,3,0
3,766,0,1,3,0
3,608,0,0,3,0
3,977,1,1,3,0
3,1337,1,1,3,0
3,1054,0,0,3,0
3,990,0,0,3,0
3,1152,0,1,3,0
3,680,1,0,1,0
3,957,0,0,2,0
3,684,1,0,2,0
3,353,0,0,3,0
3,976,0,1,3,1
3,1351,1,0,1,0
3,1184,1,1,3,0
3,1040,0,0,1,0
3,239,0,0,3,0
3,821,1,0,3,0
3,1495,1,1,1,0
3,1224,1,1,3,0
3,811,0,1,3,0
3,1075,1,1,2,0
3,785,0,0,3,1
3,1028,1,1,2,0
3,550,0,0,3,0
3,1108,0,0,1,0
3,791,1,0,3,0
3,859,1,1,2,0
3,1040,0,0,3,0
3,989,0,0,1,0
3,1103,1,0,2,1
3,1273,0,1,2,0
3,1179,0,1,2,0
3,717,0,1,3,0
3,1516,0,1,3,0
3,739,0,0,1,0
3,1300,0,0,1,0
3,1367,1,1,3,0
3,387,0,0,1,0
3,1023,0,0,2,0
3,1194,1,1,3,0
3,994,0,0,1,0
3,1127,1,1,1,1
3,1395,0,0,1,0
3,1105,0,1,2,0
3,843,1,1,3,1
3,538,1,0,3,0
3,1435,0,1,2,0
3,997,0,1,3,0
3,1418,1,1,3,0
3,1084,1,0,3,0
3,639,0,0,3,0
3,1523,0,0,3,0
3,778,1,0,3,0
3,944,0,0,1,0
3,1241,0,0,2,0
3,1289,1,0,1,1
3,1043,1,0,3,0
3,1164,0,0,1,0
3,1309,1,0,3,0
3,1206,1,1,3,0
3,912,0,1,1,0
3,853,0,1,1,0
3,547,0,0,3,0
3,772,1,0,3,0
3,289,0,1,1,0
3,1319,1,1,1,0
3,930,0,0,1,0
3,1163,1,1,3,0
3,1003,0,0,3,1
3,1051,0,0,3,0
3,718,1,0,3,1
3,417,1,0,3,0
3,1002,0,1,3,1
3,1188,1,0,2,0
3,1203,0,0,3,0
3,1065,0,1,3,0
3,895,1,0,3,0
3,1005,0,1,1,1
3,1489,1,0,3,0
3,1575,1,0,3,0
3,1049,1,0,1,0
3,876,1,0,1,0
3,938,1,1,2,1
3,662,0,0,1,0
3,1096,0,1,3,0
3,883,0,0,2,0
3,351,1,0,2,0
3,954,0,0,1,0
3,867,0,0,3,0
3,327,0,0,1,0
3,1036,1,0,1,0
3,603,1,1,3,0
3,962,0,1,3,0
3,1412,1,0,3,0
3,821,1,1,3,0
3,895,0,1,3,0
3,1458,1,0,3,0
3,519,0,1,1,0
3,838,0,1,3,0
3,290,0,0,1,0
3,775,1,1,1,0
3,1444,0,0,3,0
3,734,1,0,2,0
3,1011,1,1,3,0
3,1039,0,1,3,0
3,758,0,1,3,0
3,980,1,0,1,0
3,655,0,1,3,0
3,1068,1,1,1,0
3,978,1,1,3,0
3,721,0,1,3,0
3,912,1,1,3,0
3,933,0,1,3,1
3,1032,0,0,2,0
3,1072,1,0,3,0
3,1128,0,1,3,0
3,1414,0,1,2,0
3,1015,1,1,1,0
3,766,0,0,3,0
3,961,0,0,3,0
3,1062,1,1,3,0
3,1243,0,0,2,0
3,502,0,1,3,0
3,1088,1,0,1,1
3,911,1,1,3,0
3,570,1,1,3,0
3,839,1,0,3,0
3,1218,0,1,3,0
3,531,0,1,2,1
3,1047,0,0,1,0
3,1371,0,1,3,0
3,1107,1,1,2,0
3,999,1,1,2,0
3,908,1,0,1,0
3,966,1,0,3,0
3,599,0,0,2,0
3,534,1,0,3,0
3,786,0,1,3,0
3,995,1,0,2,0
3,1329,0,0,3,0
3,980,0,0,1,0
3,1128,0,0,3,0
3,894,0,0,1,0
3,730,0,1,1,0
3,1182,0,1,3,0
3,852,1,1,1,0
3,1037,0,1,2,0
3,1115,1,0,2,0
3,603,1,0,2,0
3,1429,0,0,2,0
3,1080,0,0,1,0
3,1395,1,1,3,0
3,721,1,0,3,0
3,513,1,0,2,1
3,896,1,0,3,0
3,986,1,0,2,0
3,1000,1,1,3,0
3,733,0,1,1,0
3,845,0,0,2,0
3,1312,1,0,3,0
3,1057,0,1,3,0
3,1250,1,0,3,0
3,1118,0,1,3,0
3,1122,1,1,3,0
3,830,0,1,3,0
3,952,0,1,3,0
3,1061,0,1,2,0
3,1531,1,0,3,0
3,863,1,0,3,1
3,1183,1,0,3,0
3,901,0,1,3,1
3,1019,0,0,3,0
3,407,0,1,1,0
3,948,0,1,2,1
3,861,1,0,2,1
3,635,0,1,2,0
3,487,0,0,3,0
3,1373,0,0,1,0
3,512,0,1,3,0
3,1170,0,0,2,0
3,1254,0,1,1,0
3,996,0,1,3,0
3,968,1,1,3,0
3,850,1,1,3,0
3,843,0,1,1,1
3,926,1,0,3,0
3,994,0,0,1,0
3,851,0,0,3,0
3,1103,0,1,1,0
3,1165,0,0,3,0
3,973,0,0,1,0
3,442,1,0,2,0
3,1443,1,0,3,0
3,668,0,0,3,0
3,1316,1,1,3,0
3,1608,0,0,3,0
3,739,1,0,3,0
3,778,1,1,3,0
3,1042,0,0,3,0
3,879,0,0,2,0
3,473,0,1,1,0
3,773,1,0,1,0
3,1098,0,1,3,0
3,1153,1,1,3,0
3,1344,0,1,3,0
3,1841,1,1,3,0
3,800,1,0,3,0
3,771,0,1,3,0
3,1075,0,1,2,0
3,526,1,1,2,0
3,859,0,0,2,0
3,927,0,0,2,0
3,1000,1,0,3,0
3,991,0,1,3,0
3,1293,0,0,3,0
3,898,1,1,3,0
3,1405,0,1,1,0
3,1179,1,0,3,0
3,1144,0,1,3,0
3,1019,0,0,3,0
3,949,1,1,1,0
3,1539,0,0,3,0
3,1151,1,0,3,0
3,916,0,1,3,0
3,996,1,1,3,0
3,1448,1,1,3,0
3,1314,1,0,3,0
3,933,1,0,3,0
3,1260,0,0,2,0
3,1094,0,0,3,0
3,601,1,0,3,0
3,1185,0,0,1,0
3,1228,0,0,2,0
3,639,0,1,1,0
3,772,0,0,2,0
3,938,1,0,3,1
3,403,0,0,1,0
3,709,0,1,3,1
3,991,0,0,3,0
3,297,0,0,3,0
3,1280,0,0,2,0
3,758,1,1,3,0
3,1177,1,1,3,1
3,951,0,0,2,1
3,1188,0,0,3,0
3,1449,1,1,3,0
3,1261,0,0,3,0
3,1336,1,0,3,0
3,1045,1,1,3,0
3,1310,0,0,3,0
4,784,1,0,3,0
4,775,1,1,1,0
4,1617,0,0,2,1
4,584,1,0,2,1
4,1383,1,1,2,0
4,1205,1,0,2,0
4,1094,1,0,2,1
4,640,0,0,1,0
4,1145,1,0,1,1
4,236,1,0,1,1
4,883,1,0,2,0
4,494,0,1,1,0
4,934,1,1,2,1
4,1098,1,0,3,1
4,1034,0,0,1,1
4,1010,1,0,3,0
4,546,1,1,2,1
4,1165,1,0,3,1
4,653,1,0,1,1
4,911,0,1,2,1
4,941,1,1,1,0
4,1370,0,1,1,1
4,1239,0,0,1,0
4,791,0,1,3,0
4,941,1,1,3,1
4,981,0,0,2,0
4,1421,1,1,1,1
4,958,0,0,1,1
4,1608,1,0,2,1
4,879,0,0,2,0
4,1000,1,0,3,1
4,763,1,0,1,0
4,1231,0,1,2,1
4,1410,0,1,2,0
4,833,1,0,3,0
4,1150,1,0,2,1
4,964,1,1,3,1
4,1331,1,0,2,1
4,961,1,0,3,0
4,1296,0,0,3,0
4,1353,0,1,1,0
4,1357,1,1,2,0
4,743,1,1,1,1
4,884,0,1,1,0
4,1082,0,0,1,1
4,1148,0,1,2,0
4,414,0,1,3,0
4,945,1,1,1,1
4,1162,0,0,2,0
4,830,0,1,1,0
4,1219,1,0,1,0
4,555,1,0,1,1
4,1226,1,1,2,1
4,1210,1,0,1,0
4,1026,1,0,2,1
4,380,0,0,3,1
4,1181,0,0,2,1
4,984,0,0,3,0
4,1251,0,0,1,1
4,519,1,0,3,1
4,1448,1,0,1,1
4,1420,1,1,3,1
4,1441,0,1,2,0
4,138,0,0,2,1
4,1282,0,0,2,1
4,1172,1,0,2,1
4,821,0,1,3,1
4,1748,1,1,2,1
4,1060,0,1,2,0
4,650,1,0,3,0
4,713,0,0,1,0
4,623,1,1,1,1
4,1322,0,1,3,1
4,1430,1,0,1,1
4,1043,1,1,1,0
4,936,0,0,3,1
4,446,1,0,1,1
4,696,1,1,3,0
4,1450,0,1,1,1
4,995,0,1,3,0
4,340,0,0,1,0
4,987,1,1,2,0
4,1240,1,1,3,1
4,1162,1,0,2,1
4,900,0,1,3,0
4,819,1,0,2,0
4,1556,1,0,1,0
4,358,0,1,3,1
4,1455,0,0,1,1
4,438,1,1,2,0
4,1475,1,1,2,0
4,582,0,1,1,0
4,749,1,1,1,1
4,560,0,1,3,0
4,907,0,1,3,0
4,1295,0,1,1,1
4,720,0,0,1,1
4,955,1,0,1,1
4,1166,1,1,3,1
4,679,0,1,3,0
4,1010,0,0,1,0
4,840,0,1,2,1
4,824,1,0,2,1
4,1031,1,1,1,0
4,615,0,0,1,1
4,742,1,0,1,1
4,965,0,0,1,1
4,424,0,1,2,0
4,1211,1,0,2,1
4,913,0,0,2,0
4,1131,0,0,2,1
4,1167,1,1,1,0
4,1239,0,1,3,1
4,818,0,0,2,0
4,1315,0,1,3,1
4,854,1,1,3,0
4,516,0,0,3,1
4,859,1,1,3,1
4,820,0,0,2,1
4,1138,0,0,2,0
4,876,1,1,3,1
4,167,0,1,2,0
4,1122,0,1,3,0
4,1173,0,1,3,1
4,703,0,0,2,1
4,690,0,0,1,0
4,1069,0,0,3,0
4,1086,1,0,2,1
4,1591,1,0,1,0
4,1031,0,1,2,0
4,761,0,0,1,0
4,913,0,1,2,1
4,742,1,1,1,0
4,912,1,1,1,1
4,1610,0,1,1,0
4,938,0,0,3,0
4,1072,1,1,3,0
4,1138,0,1,2,1
4,857,1,0,2,1
4,1559,1,0,3,1
4,1241,1,0,2,0
4,569,0,1,3,0
4,507,0,1,2,1
4,907,1,0,1,0
4,884,1,1,1,1
4,1622,1,1,3,1
4,910,1,0,1,1
4,1090,0,1,2,1
4,1058,0,1,1,0
4,991,0,1,2,0
4,1165,0,0,2,1
4,846,0,1,2,1
4,1346,0,0,2,0
4,1039,1,1,1,0
4,623,1,1,1,1
4,1485,1,1,2,1
4,836,0,0,1,1
4,1612,1,0,2,0
4,918,0,1,1,1
4,747,0,1,2,0
4,1164,0,1,1,0
4,370,1,0,3,0
4,1024,0,0,1,0
4,939,0,0,1,1
4,1373,0,0,3,1
4,1259,1,0,3,0
4,338,0,0,2,1
4,813,1,1,2,1
4,698,1,1,1,0
4,775,0,1,3,1
4,915,0,0,2,1
4,932,0,0,1,1
4,987,0,0,2,0
4,1306,1,0,3,1
4,1236,0,0,1,1
4,1281,0,0,2,0
4,829,0,0,1,1
4,1305,1,1,1,0
4,927,1,1,2,0
4,785,1,1,2,0
4,1332,1,0,2,1
4,583,0,1,2,1
4,1273,0,1,2,0
4,1038,1,0,1,1
4,676,0,0,1,1
4,1308,0,0,1,0
4,348,1,1,3,0
4,931,1,1,3,0
4,1004,1,1,1,0
4,873,1,0,1,0
4,625,1,0,2,0
4,1077,0,0,1,0
4,1111,1,0,2,1
4,459,1,1,1,0
4,1099,1,1,3,1
4,1093,0,0,3,1
4,1111,0,0,3,0
4,1633,0,0,1,0
4,388,0,0,2,1
4,816,1,1,1,0
4,1378,0,1,1,1
4,596,0,0,1,1
4,920,1,1,1,0
4,1159,0,0,1,0
4,1241,1,0,3,0
4,946,0,1,3,0
4,831,0,0,2,1
4,1577,1,1,3,0
4,889,1,0,3,1
4,269,1,1,2,1
4,1425,0,1,3,1
4,509,1,1,3,1
4,1101,1,1,1,0
4,842,1,1,2,0
4,1346,1,0,1,0
4,668,0,0,2,0
4,974,0,0,1,1
4,1142,1,0,3,0
4,1061,0,1,2,1
4,1156,0,0,1,1
4,794,0,1,2,0
4,1299,0,0,2,1
4,819,0,1,2,0
4,1094,0,1,2,1
4,906,0,1,1,1
4,260,0,0,1,1
4,856,0,1,3,1
4,1410,0,1,1,1
4,403,1,0,1,0
4,1009,1,1,3,1
4,1027,1,0,2,0
4,1209,1,1,2,1
4,1082,1,0,2,1
4,1100,1,0,3,1
4,743,1,0,3,0
4,1116,1,1,3,1
4,730,0,1,2,0
4,1564,1,0,2,0
4,1261,1,0,1,0
4,494,1,0,2,1
4,1159,0,1,3,1
4,1487,0,1,2,1
4,1155,0,1,3,0
4,1202,0,1,2,1
4,897,0,0,1,1
4,924,1,0,2,0
4,1066,1,1,2,1
4,1084,1,1,3,0
4,868,1,1,1,1
4,1104,1,1,3,1
4,214,1,1,2,1
4,590,0,1,2,0
4,513,1,1,3,1
4,928,0,1,1,0
4,297,0,1,2,1
4,831,0,1,1,1
4,1028,1,1,1,1
4,1084,0,0,1,1
4,1180,0,1,3,0
4,984,1,1,2,0
4,1254,0,0,1,0
4,211,0,1,1,0
4,1085,0,0,1,1
4,1333,1,0,2,0
4,778,1,1,3,0
4,1018,1,0,3,1
4,961,0,0,1,1
4,723,0,0,3,1
4,931,1,0,2,1
4,351,0,1,2,0
4,1140,1,1,2,1
4,1271,0,1,3,0
4,822,0,1,1,0
4,962,1,0,3,1
4,655,0,1,2,0
4,908,1,0,3,1
4,1058,0,1,3,1
4,1186,1,1,3,0
4,1147,1,0,2,1
4,839,0,1,3,1
4,1284,0,1,1,0
4,1568,1,0,1,0
4,1373,1,1,3,1
4,976,0,0,1,0
4,1097,1,1,1,0
4,516,0,1,3,1
4,654,1,0,3,1
4,927,1,0,3,0
4,365,1,1,2,1
4,982,1,0,1,1
4,1168,0,1,3,0
4,681,0,0,2,1
4,1337,0,1,1,1
4,542,1,0,3,0
4,1410,0,1,1,0
4,630,1,1,3,1
4,811,0,0,3,0
4,891,1,0,3,1
4,1029,0,1,2,0
4,734,1,0,3,1
4,543,1,0,3,1
4,735,1,0,2,0
4,983,0,0,1,0
4,1141,1,1,2,0
4,552,1,1,1,0
4,873,0,1,3,0
4,507,0,0,3,1
4,1662,1,0,2,1
4,915,0,0,2,0
4,847,1,0,3,1
4,721,1,1,1,1
4,923,1,0,3,0
4,956,0,1,3,0
4,633,0,1,2,1
4,1024,0,1,2,1
4,1431,0,0,1,1
4,1006,0,0,2,1
4,968,0,0,2,0
4,1306,1,0,3,0
4,1176,0,0,3,1
4,883,0,0,2,1
4,1164,0,0,2,1
4,519,1,1,2,1
4,869,1,1,3,1
4,831,0,0,1,0
4,902,0,0,3,1
4,669,1,1,1,1
4,1226,1,1,1,1
4,1122,0,1,3,0
4,713,0,1,2,1
4,1555,0,0,3,1
4,1228,1,0,1,0
4,1385,1,1,3,1
4,982,0,1,3,0
4,627,0,1,1,0
4,657,0,0,2,0
4,1114,0,1,1,0
4,1630,1,0,2,0
4,1079,1,0,2,0
4,881,0,0,2,0
4,1568,1,1,1,1
4,1578,1,1,2,0
4,911,1,0,3,0
4,1468,1,0,3,1
4,1271,1,0,2,0
4,878,1,1,3,0
4,663,1,1,3,0
4,1152,0,1,1,1
4,994,1,0,2,1
4,662,1,1,1,0
4,717,1,1,3,1
4,1355,0,1,2,0
4,982,1,1,1,1
4,618,0,1,3,0
4,827,1,0,3,0
4,1340,0,1,3,0
4,465,0,0,3,1
4,510,0,0,3,0
4,1059,0,1,1,0
4,758,0,1,1,1
4,1296,1,1,1,1
4,823,0,1,3,0
4,1273,0,1,3,1
4,860,1,0,3,1
4,483,0,0,2,0
4,1645,1,0,2,1
4,695,1,0,3,1
4,1466,1,1,3,1
4,755,0,1,3,1
4,1014,0,0,3,1
4,834,1,0,2,1
4,735,0,1,2,0
4,1340,1,1,2,0
4,1046,0,1,2,0
4,1306,0,0,2,1
4,901,0,1,3,0
4,473,1,1,3,0
4,804,1,1,3,1
4,1446,1,1,3,1
4,843,1,0,2,1
4,1027,1,1,3,1
4,1153,1,1,2,0
4,888,0,1,1,0
4,777,0,0,2,1
4,1242,1,1,3,1
4,1279,0,0,3,1
4,764,1,0,3,1
4,1086,1,1,3,0
4,1398,1,0,2,1
4,840,1,0,3,1
4,723,1,0,1,0
4,1543,0,1,3,1
4,1237,1,1,2,0
4,1146,0,1,1,1
4,858,1,1,2,1
4,1274,0,1,2,1
4,988,1,0,1,1
4,1555,1,0,1,0
4,863,1,1,2,0
4,1370,1,0,2,0
4,1152,0,0,3,0
4,704,0,0,3,1
4,1034,0,0,2,0
4,936,0,0,3,0
4,998,0,0,1,0
4,708,0,1,3,1
4,1234,0,1,3,0
4,598,0,1,3,0
4,240,1,1,3,0
4,739,1,1,3,1
4,1086,1,1,1,0
4,893,1,0,2,0
4,1139,0,1,2,0
4,1110,1,0,2,0
4,1094,0,0,3,0
4,1484,0,1,1,1
4,1150,0,1,2,0
4,801,0,1,3,0
4,1019,1,1,3,1
4,1430,1,0,1,1
4,714,0,1,3,0
4,1141,1,1,3,1
4,682,0,1,1,0
4,1258,1,0,1,1
4,1027,0,1,3,0
4,1012,1,0,1,1
4,1460,1,1,2,1
4,953,1,0,2,0
4,1383,1,0,1,1
4,1718,0,0,1,1
4,1284,0,1,1,0
4,668,1,1,2,1
4,931,1,1,3,1
4,1209,0,1,3,0
4,774,0,0,3,0
4,707,0,0,1,1
4,1727,1,1,2,0
4,993,1,0,1,0
4,691,1,1,3,0
4,654,0,1,3,1
4,1383,1,1,1,0
4,1161,0,0,2,0
4,1128,1,0,2,0
4,751,0,1,1,1
4,634,0,0,3,1
4,703,1,0,3,1
4,1307,1,1,2,0
4,596,1,0,1,1
4,932,0,0,1,0
4,1091,1,0,1,1
4,360,0,0,3,1
4,873,0,1,3,0
4,1099,0,1,2,0
4,1009,1,1,2,1
4,1127,0,1,1,1
4,1066,0,0,1,1
4,1307,1,0,3,0
4,982,0,1,3,1
4,858,0,0,3,1
4,1365,0,1,1,1
4,1407,1,1,1,1
4,1290,0,0,3,0
4,1458,1,0,1,1
4,835,1,1,3,1
4,1245,1,1,3,0
4,543,1,0,2,1
4,1444,1,1,3,0
4,2014,1,1,1,1
4,1166,1,1,1,1
4,1041,0,0,3,0
4,715,0,1,1,1
4,1136,1,0,3,0
4,1306,0,1,3,0
4,898,0,0,2,1
4,1243,0,0,3,1
4,1032,1,0,1,1
4,646,0,1,2,1
4,748,1,0,3,1
4,697,1,0,3,0
4,1492,1,1,2,0
4,1457,1,1,3,1
4,886,0,0,2,0
4,1477,1,1,3,1
4,1022,1,1,1,1
4,786,0,0,3,1
4,974,0,1,1,0
4,1250,0,0,2,0
4,1236,1,0,2,0
4,1027,0,0,3,0
4,1071,1,1,2,0
4,1206,0,1,2,1
4,1094,1,1,2,0
4,678,0,0,3,0
4,1344,1,1,2,1
4,450,0,0,3,0
4,1199,1,1,3,0
4,1352,0,0,3,1
4,538,1,1,1,1
4,860,1,1,3,0
4,1404,0,1,3,0
